Variable,Value,NX,NXc,NX'c,Nc,N'c,N,P(C),P('C),P(C|X),P(X|C),Epsilon,Score
Flgs,01,3055,817,2238,823,2238,3061,.26886638353479255145,.73113361646520744855,0.26743,0.99271,-0.179009,-0.00913248
Flgs,02,1,1,0,823,2238,3061,.26886638353479255145,.73113361646520744855,1,0.00121507,1.64904,0.711166
Flgs,03,1,1,0,823,2238,3061,.26886638353479255145,.73113361646520744855,1,0.00121507,1.64904,0.998848
Flgs,04,4,4,0,823,2238,3061,.26886638353479255145,.73113361646520744855,1,0.00486027,3.29807,1.80978
Dur,00,1,0,1,823,2238,3061,.26886638353479255145,.73113361646520744855,0,0,-0.606415,-2.04567
Dur,13,1,0,1,823,2238,3061,.26886638353479255145,.73113361646520744855,0,0,-0.606415,-1.89152
Dur,20,1,1,0,823,2238,3061,.26886638353479255145,.73113361646520744855,1,0.00121507,1.64904,0.472755
Dur,31,1,1,0,823,2238,3061,.26886638353479255145,.73113361646520744855,1,0.00121507,1.64904,0.448801
Dur,40,264,1,263,823,2238,3061,.26886638353479255145,.73113361646520744855,0.00378788,0.00121507,-9.71426,-4.44735
Dur,41,141,33,108,823,2238,3061,.26886638353479255145,.73113361646520744855,0.234043,0.0400972,-0.932652,-0.200805
Dur,42,114,78,36,823,2238,3061,.26886638353479255145,.73113361646520744855,0.684211,0.0947752,10.0022,1.7198
Dur,43,109,94,15,823,2238,3061,.26886638353479255145,.73113361646520744855,0.862385,0.114216,13.9759,2.71045
Dur,44,101,80,21,823,2238,3061,.26886638353479255145,.73113361646520744855,0.792079,0.0972053,11.8597,2.24716
Dur,45,74,61,13,823,2238,3061,.26886638353479255145,.73113361646520744855,0.824324,0.0741191,10.7771,2.40401
Dur,46,78,54,24,823,2238,3061,.26886638353479255145,.73113361646520744855,0.692308,0.0656136,8.43478,1.73238
Dur,47,62,44,18,823,2238,3061,.26886638353479255145,.73113361646520744855,0.709677,0.0534629,7.82856,1.79055
Dur,48,75,67,8,823,2238,3061,.26886638353479255145,.73113361646520744855,0.893333,0.0814095,12.1976,2.90309
Dur,49,2039,309,1730,823,2238,3061,.26886638353479255145,.73113361646520744855,0.151545,0.375456,-11.9487,-0.724381
SrcAddr,3232235842,3061,823,2238,823,2238,3061,.26886638353479255145,.73113361646520744855,0.268866,1,0,0
DstAddr,3232235886,1501,385,1116,823,2238,3061,.26886638353479255145,.73113361646520744855,0.256496,0.467801,-1.08098,-0.0646115
DstAddr,3232235896,1560,438,1122,823,2238,3061,.26886638353479255145,.73113361646520744855,0.280769,0.532199,1.06034,0.0586981
Proto,01,3061,823,2238,823,2238,3061,.26886638353479255145,.73113361646520744855,0.268866,1,0,0
Sport,56280,802,147,655,823,2238,3061,.26886638353479255145,.73113361646520744855,0.183292,0.178615,-5.46595,-0.495008
Sport,56283,699,238,461,823,2238,3061,.26886638353479255145,.73113361646520744855,0.340486,0.289186,4.27077,0.33549
Sport,53741,713,241,472,823,2238,3061,.26886638353479255145,.73113361646520744855,0.338008,0.292831,4.16409,0.32451
Sport,53738,847,197,650,823,2238,3061,.26886638353479255145,.73113361646520744855,0.232586,0.239368,-2.38151,-0.195458
Dport,502,3061,823,2238,823,2238,3061,.26886638353479255145,.73113361646520744855,0.268866,1,0,0
sTos,0,3061,823,2238,823,2238,3061,.26886638353479255145,.73113361646520744855,0.268866,1,0,0
dTos,0,3061,823,2238,823,2238,3061,.26886638353479255145,.73113361646520744855,0.268866,1,0,0
sDSb,01,3061,823,2238,823,2238,3061,.26886638353479255145,.73113361646520744855,0.268866,1,0,0
dDSb,01,3061,823,2238,823,2238,3061,.26886638353479255145,.73113361646520744855,0.268866,1,0,0
sTtl,64,3061,823,2238,823,2238,3061,.26886638353479255145,.73113361646520744855,0.268866,1,0,0
dTtl,128,3061,823,2238,823,2238,3061,.26886638353479255145,.73113361646520744855,0.268866,1,0,0
sHops,0,3061,823,2238,823,2238,3061,.26886638353479255145,.73113361646520744855,0.268866,1,0,0
dHops,0,3061,823,2238,823,2238,3061,.26886638353479255145,.73113361646520744855,0.268866,1,0,0
sIpId,00,242,66,176,823,2238,3061,.26886638353479255145,.73113361646520744855,0.272727,0.0801944,0.135465,0.00888111
sIpId,01,228,64,164,823,2238,3061,.26886638353479255145,.73113361646520744855,0.280702,0.0777643,0.403072,0.0479727
sIpId,02,225,60,165,823,2238,3061,.26886638353479255145,.73113361646520744855,0.266667,0.072904,-0.0744203,-0.0224234
sIpId,03,223,53,170,823,2238,3061,.26886638353479255145,.73113361646520744855,0.237668,0.0643985,-1.05079,-0.175663
sIpId,10,240,64,176,823,2238,3061,.26886638353479255145,.73113361646520744855,0.266667,0.0777643,-0.076861,-0.0218231
sIpId,04,229,58,171,823,2238,3061,.26886638353479255145,.73113361646520744855,0.253275,0.0704739,-0.532148,-0.0915408
sIpId,11,232,64,168,823,2238,3061,.26886638353479255145,.73113361646520744855,0.275862,0.0777643,0.24033,0.0241621
sIpId,05,228,60,168,823,2238,3061,.26886638353479255145,.73113361646520744855,0.263158,0.072904,-0.194411,-0.040228
sIpId,12,240,66,174,823,2238,3061,.26886638353479255145,.73113361646520744855,0.275,0.0801944,0.214316,0.0201807
sIpId,06,251,72,179,823,2238,3061,.26886638353479255145,.73113361646520744855,0.286853,0.0874848,0.642702,0.078999
sIpId,13,28,5,23,823,2238,3061,.26886638353479255145,.73113361646520744855,0.178571,0.00607533,-1.07765,-0.582419
sIpId,07,239,69,170,823,2238,3061,.26886638353479255145,.73113361646520744855,0.288703,0.0838396,0.691669,0.087528
sIpId,08,220,57,163,823,2238,3061,.26886638353479255145,.73113361646520744855,0.259091,0.0692588,-0.327026,-0.0615433
sIpId,09,236,65,171,823,2238,3061,.26886638353479255145,.73113361646520744855,0.275424,0.0789793,0.227205,0.0221388
dIpId,00,244,60,184,823,2238,3061,.26886638353479255145,.73113361646520744855,0.245902,0.072904,-0.809077,-0.130176
dIpId,01,233,61,172,823,2238,3061,.26886638353479255145,.73113361646520744855,0.261803,0.0741191,-0.243193,-0.0469945
dIpId,02,226,61,165,823,2238,3061,.26886638353479255145,.73113361646520744855,0.269912,0.0741191,0.0354368,-0.00593301
dIpId,03,219,60,159,823,2238,3061,.26886638353479255145,.73113361646520744855,0.273973,0.072904,0.170433,0.0141661
dIpId,10,243,78,165,823,2238,3061,.26886638353479255145,.73113361646520744855,0.320988,0.0947752,1.83253,0.239393
dIpId,11,215,52,163,823,2238,3061,.26886638353479255145,.73113361646520744855,0.24186,0.0631835,-0.893124,-0.153111
dIpId,04,234,61,173,823,2238,3061,.26886638353479255145,.73113361646520744855,0.260684,0.0741191,-0.282315,-0.0527252
dIpId,05,239,71,168,823,2238,3061,.26886638353479255145,.73113361646520744855,0.297071,0.0862697,0.983455,0.127739
dIpId,12,237,64,173,823,2238,3061,.26886638353479255145,.73113361646520744855,0.270042,0.0777643,0.0408268,-0.00482548
dIpId,06,237,54,183,823,2238,3061,.26886638353479255145,.73113361646520744855,0.227848,0.0656136,-1.42425,-0.229882
dIpId,13,27,8,19,823,2238,3061,.26886638353479255145,.73113361646520744855,0.296296,0.00972053,0.321469,0.0514664
dIpId,07,244,69,175,823,2238,3061,.26886638353479255145,.73113361646520744855,0.282787,0.0838396,0.490437,0.0588728
dIpId,08,228,66,162,823,2238,3061,.26886638353479255145,.73113361646520744855,0.289474,0.0801944,0.701814,0.0907982
dIpId,09,235,58,177,823,2238,3061,.26886638353479255145,.73113361646520744855,0.246809,0.0704739,-0.76266,-0.125635
Cause,01,7,4,3,823,2238,3061,.26886638353479255145,.73113361646520744855,0.571429,0.00486027,1.8055,0.998848
Cause,02,3054,819,2235,823,2238,3061,.26886638353479255145,.73113361646520744855,0.268173,0.99514,-0.0864394,-0.00473886
SrcPkts,00000,2,0,2,823,2238,3061,.26886638353479255145,.73113361646520744855,0,0,-0.8576,-1.48606
SrcPkts,00001,10,10,0,823,2238,3061,.26886638353479255145,.73113361646520744855,1,0.0121507,5.21471,2.64108
SrcPkts,00002,1469,355,1114,823,2238,3061,.26886638353479255145,.73113361646520744855,0.241661,0.431349,-2.35179,-0.145602
SrcPkts,00003,301,301,0,823,2238,3061,.26886638353479255145,.73113361646520744855,1,0.365735,28.6097,6.01392
SrcPkts,00004,1256,134,1122,823,2238,3061,.26886638353479255145,.73113361646520744855,0.106688,0.162819,-12.9635,-1.12548
SrcPkts,00005,23,23,0,823,2238,3061,.26886638353479255145,.73113361646520744855,1,0.0279465,7.9085,3.45558
DstPkts,01,722,0,722,823,2238,3061,.26886638353479255145,.73113361646520744855,0,0,-16.2944,-7.09002
DstPkts,02,663,2,661,823,2238,3061,.26886638353479255145,.73113361646520744855,0.00301659,0.00243013,-15.4393,-4.69942
DstPkts,03,289,174,115,823,2238,3061,.26886638353479255145,.73113361646520744855,0.602076,0.211422,12.7761,1.39701
DstPkts,04,620,181,439,823,2238,3061,.26886638353479255145,.73113361646520744855,0.291935,0.219927,1.29557,0.109527
DstPkts,05,548,337,211,823,2238,3061,.26886638353479255145,.73113361646520744855,0.614964,0.409478,18.2735,1.4583
DstPkts,06,164,106,58,823,2238,3061,.26886638353479255145,.73113361646520744855,0.646341,0.128797,10.9029,1.57004
DstPkts,07,33,20,13,823,2238,3061,.26886638353479255145,.73113361646520744855,0.606061,0.0243013,4.36888,1.29758
DstPkts,08,4,3,1,823,2238,3061,.26886638353479255145,.73113361646520744855,0.75,0.0036452,2.17035,1.07031
DstPkts,00000,18,0,18,823,2238,3061,.26886638353479255145,.73113361646520744855,0,0,-2.5728,-3.50096,
SrcBytes,010,64,64,0,823,2238,3061,.26886638353479255145,.73113361646520744855,1,0.0777643,13.1923,4.46642
SrcBytes,011,109,109,0,823,2238,3061,.26886638353479255145,.73113361646520744855,1,0.132442,17.2164,4.99813
SrcBytes,004,3,3,0,823,2238,3061,.26886638353479255145,.73113361646520744855,1,0.0036452,2.85621,1.44513
SrcBytes,012,1165,44,1121,823,2238,3061,.26886638353479255145,.73113361646520744855,0.0377682,0.0534629,-17.7907,-2.23805
SrcBytes,005,7,7,0,823,2238,3061,.26886638353479255145,.73113361646520744855,1,0.00850547,4.36294,2.26931
SrcBytes,006,1318,206,1112,823,2238,3061,.26886638353479255145,.73113361646520744855,0.156297,0.250304,-9.21743,-0.688418
SrcBytes,013,58,57,1,823,2238,3061,.26886638353479255145,.73113361646520744855,0.982759,0.0692588,12.2625,3.94535
SrcBytes,014,22,22,0,823,2238,3061,.26886638353479255145,.73113361646520744855,1,0.0267315,7.73466,3.40208
SrcBytes,007,57,55,2,823,2238,3061,.26886638353479255145,.73113361646520744855,0.964912,0.0668287,11.8525,3.62202
SrcBytes,008,94,94,0,823,2238,3061,.26886638353479255145,.73113361646520744855,1,0.114216,15.988,4.85025
SrcBytes,015,17,17,0,823,2238,3061,.26886638353479255145,.73113361646520744855,1,0.0206561,6.79915,3.14581
SrcBytes,009,128,128,0,823,2238,3061,.26886638353479255145,.73113361646520744855,1,0.155529,18.6567,5.15865
SrcBytes,016,6,6,0,823,2238,3061,.26886638353479255145,.73113361646520744855,1,0.0072904,4.0393,2.11688
SrcBytes,017,8,8,0,823,2238,3061,.26886638353479255145,.73113361646520744855,1,0.00972053,4.66418,2.39974
SrcBytes,018,3,3,0,823,2238,3061,.26886638353479255145,.73113361646520744855,1,0.0036452,2.85621,1.44278
SrcBytes,000,1,0,1,823,2238,3061,.26886638353479255145,.73113361646520744855,0,0,-0.606415,-2.23983
SrcBytes,001,1,0,1,823,2238,3061,.26886638353479255145,.73113361646520744855,0,0,-0.606415,-2.17921
DstBytes,003,708,0,708,823,2238,3061,.26886638353479255145,.73113361646520744855,0,0,-16.1357,-8.13137
DstBytes,010,68,38,30,823,2238,3061,.26886638353479255145,.73113361646520744855,0.558824,0.0461725,5.39289,1.17272
DstBytes,011,163,109,54,823,2238,3061,.26886638353479255145,.73113361646520744855,0.668712,0.132442,11.5138,1.66555
DstBytes,004,1,0,1,823,2238,3061,.26886638353479255145,.73113361646520744855,0,0,-0.606415,-2.23983
DstBytes,012,152,55,97,823,2238,3061,.26886638353479255145,.73113361646520744855,0.361842,0.0668287,2.58538,0.412459
DstBytes,013,296,82,214,823,2238,3061,.26886638353479255145,.73113361646520744855,0.277027,0.0996355,0.316668,0.0312262
DstBytes,020,29,16,13,823,2238,3061,.26886638353479255145,.73113361646520744855,0.551724,0.0194411,3.43558,1.06818
DstBytes,006,14,1,13,823,2238,3061,.26886638353479255145,.73113361646520744855,0.0714286,0.00121507,-1.6662,-1.63509
DstBytes,007,593,0,593,823,2238,3061,.26886638353479255145,.73113361646520744855,0,0,-14.7672,-7.95466
DstBytes,021,25,15,10,823,2238,3061,.26886638353479255145,.73113361646520744855,0.6,0.018226,3.73428,1.22711
DstBytes,014,124,27,97,823,2238,3061,.26886638353479255145,.73113361646520744855,0.217742,0.0328068,-1.28402,-0.29759
DstBytes,015,322,235,87,823,2238,3061,.26886638353479255145,.73113361646520744855,0.729814,0.285541,18.6557,1.97012
DstBytes,008,69,1,68,823,2238,3061,.26886638353479255145,.73113361646520744855,0.0144928,0.00121507,-4.76574,-3.17554
DstBytes,022,9,3,6,823,2238,3061,.26886638353479255145,.73113361646520744855,0.333333,0.0036452,0.436206,0.0433363
DstBytes,016,117,47,70,823,2238,3061,.26886638353479255145,.73113361646520744855,0.401709,0.0571081,3.2409,0.573965
DstBytes,023,6,5,1,823,2238,3061,.26886638353479255145,.73113361646520744855,0.833333,0.00607533,3.11851,1.52494
DstBytes,009,43,26,17,823,2238,3061,.26886638353479255145,.73113361646520744855,0.604651,0.0315917,4.96625,1.31546
DstBytes,017,121,70,51,823,2238,3061,.26886638353479255145,.73113361646520744855,0.578512,0.0850547,7.68231,1.27815
DstBytes,024,6,2,4,823,2238,3061,.26886638353479255145,.73113361646520744855,0.333333,0.00243013,0.356161,-0.0605438
DstBytes,018,99,40,59,823,2238,3061,.26886638353479255145,.73113361646520744855,0.40404,0.0486027,3.0335,0.578775
DstBytes,025,3,3,0,823,2238,3061,.26886638353479255145,.73113361646520744855,1,0.0036452,2.85621,1.42963
DstBytes,019,74,48,26,823,2238,3061,.26886638353479255145,.73113361646520744855,0.648649,0.0583232,7.36858,1.53945
DstBytes,026,1,0,1,823,2238,3061,.26886638353479255145,.73113361646520744855,0,0,-0.606415,-2.62549
DstBytes,000,1,0,1,823,2238,3061,.26886638353479255145,.73113361646520744855,0,0,-0.606415,-2.66471
DstBytes,001,1,0,1,823,2238,3061,.26886638353479255145,.73113361646520744855,0,0,-0.606415,-2.54211
DstBytes,002,16,0,16,823,2238,3061,.26886638353479255145,.73113361646520744855,0,0,-2.42566,-4.45647,
PCRatio,10,1511,798,713,823,2238,3061,.26886638353479255145,.73113361646520744855,0.528127,0.969623,22.7301,1.10909
PCRatio,11,219,19,200,823,2238,3061,.26886638353479255145,.73113361646520744855,0.086758,0.0230863,-6.07835,-1.34759
PCRatio,12,1,1,0,823,2238,3061,.26886638353479255145,.73113361646520744855,1,0.00121507,1.64904,0.593383
PCRatio,07,215,0,215,823,2238,3061,.26886638353479255145,.73113361646520744855,0,0,-8.89179,-5.47966
PCRatio,08,907,0,907,823,2238,3061,.26886638353479255145,.73113361646520744855,0,0,-18.2631,-6.91211
PCRatio,09,208,5,203,823,2238,3061,.26886638353479255145,.73113361646520744855,0.0240385,0.00607533,-7.9639,-2.65019
SrcLoad,010,306,60,246,823,2238,3061,.26886638353479255145,.73113361646520744855,0.196078,0.072904,-2.8718,-0.419003
SrcLoad,011,33,33,0,823,2238,3061,.26886638353479255145,.73113361646520744855,1,0.0400972,9.47299,3.80445
SrcLoad,012,52,52,0,823,2238,3061,.26886638353479255145,.73113361646520744855,1,0.0631835,11.8914,4.25837
SrcLoad,013,42,40,2,823,2238,3061,.26886638353479255145,.73113361646520744855,0.952381,0.0486027,9.99093,3.30328
SrcLoad,020,44,36,8,823,2238,3061,.26886638353479255145,.73113361646520744855,0.818182,0.0437424,8.21829,2.28184
SrcLoad,006,3,2,1,823,2238,3061,.26886638353479255145,.73113361646520744855,0.666667,0.00243013,1.55403,0.631123
SrcLoad,021,58,36,22,823,2238,3061,.26886638353479255145,.73113361646520744855,0.62069,0.0437424,6.04327,1.40637
SrcLoad,014,50,50,0,823,2238,3061,.26886638353479255145,.73113361646520744855,1,0.0607533,11.6604,4.2192
SrcLoad,007,7,7,0,823,2238,3061,.26886638353479255145,.73113361646520744855,1,0.00850547,4.36294,2.26254
SrcLoad,008,565,118,447,823,2238,3061,.26886638353479255145,.73113361646520744855,0.20885,0.143378,-3.21759,-0.336863
SrcLoad,022,172,23,149,823,2238,3061,.26886638353479255145,.73113361646520744855,0.133721,0.0279465,-3.9976,-0.879722
SrcLoad,015,58,58,0,823,2238,3061,.26886638353479255145,.73113361646520744855,1,0.0704739,12.5587,4.36742
SrcLoad,009,463,44,419,823,2238,3061,.26886638353479255145,.73113361646520744855,0.0950324,0.0534629,-8.43643,-1.25791
SrcLoad,023,24,24,0,823,2238,3061,.26886638353479255145,.73113361646520744855,1,0.0291616,8.07859,3.48684
SrcLoad,016,43,43,0,823,2238,3061,.26886638353479255145,.73113361646520744855,1,0.0522479,10.8135,4.06862
SrcLoad,030,2,2,0,823,2238,3061,.26886638353479255145,.73113361646520744855,1,0.00243013,2.33209,1.03807
SrcLoad,024,12,11,1,823,2238,3061,.26886638353479255145,.73113361646520744855,0.916667,0.0133657,5.06134,2.30484
SrcLoad,017,63,63,0,823,2238,3061,.26886638353479255145,.73113361646520744855,1,0.0765492,13.0888,4.45001
SrcLoad,031,2,2,0,823,2238,3061,.26886638353479255145,.73113361646520744855,1,0.00243013,2.33209,1.03659
SrcLoad,018,562,43,519,823,2238,3061,.26886638353479255145,.73113361646520744855,0.0765125,0.0522479,-10.285,-1.49398
SrcLoad,025,6,6,0,823,2238,3061,.26886638353479255145,.73113361646520744855,1,0.0072904,4.0393,2.10973
SrcLoad,019,471,48,423,823,2238,3061,.26886638353479255145,.73113361646520744855,0.101911,0.0583232,-8.17231,-1.1805
SrcLoad,026,13,13,0,823,2238,3061,.26886638353479255145,.73113361646520744855,1,0.0157959,5.94568,2.87633
SrcLoad,027,5,5,0,823,2238,3061,.26886638353479255145,.73113361646520744855,1,0.00607533,3.68736,1.92984
SrcLoad,028,1,1,0,823,2238,3061,.26886638353479255145,.73113361646520744855,1,0.00121507,1.64904,0.379809
SrcLoad,029,3,3,0,823,2238,3061,.26886638353479255145,.73113361646520744855,1,0.0036452,2.85621,1.4287
SrcLoad,000,1,0,1,823,2238,3061,.26886638353479255145,.73113361646520744855,0,0,-0.606415,-2.70245
DstLoad,010,450,0,450,823,2238,3061,.26886638353479255145,.73113361646520744855,0,0,-12.864,-8.13526
DstLoad,003,16,0,16,823,2238,3061,.26886638353479255145,.73113361646520744855,0,0,-2.42566,-4.91195
DstLoad,004,448,0,448,823,2238,3061,.26886638353479255145,.73113361646520744855,0,0,-12.8354,-8.13082
DstLoad,011,145,0,145,823,2238,3061,.26886638353479255145,.73113361646520744855,0,0,-7.3022,-7.01201
DstLoad,005,258,0,258,823,2238,3061,.26886638353479255145,.73113361646520744855,0,0,-9.74047,-7.58226
DstLoad,012,65,0,65,823,2238,3061,.26886638353479255145,.73113361646520744855,0,0,-4.88907,-6.22627
DstLoad,020,163,47,116,823,2238,3061,.26886638353479255145,.73113361646520744855,0.288344,0.0571081,0.560858,0.0793481
DstLoad,013,8,2,6,823,2238,3061,.26886638353479255145,.73113361646520744855,0.25,0.00243013,-0.120356,-0.363349
DstLoad,006,2,0,2,823,2238,3061,.26886638353479255145,.73113361646520744855,0,0,-0.8576,-3.38318
DstLoad,021,100,42,58,823,2238,3061,.26886638353479255145,.73113361646520744855,0.42,0.0510328,3.40874,0.643334
DstLoad,014,9,4,5,823,2238,3061,.26886638353479255145,.73113361646520744855,0.444444,0.00486027,1.18802,0.451971
DstLoad,007,2,0,2,823,2238,3061,.26886638353479255145,.73113361646520744855,0,0,-0.8576,-3.24965
DstLoad,022,79,32,47,823,2238,3061,.26886638353479255145,.73113361646520744855,0.405063,0.0388821,2.73032,0.574287
DstLoad,015,28,12,16,823,2238,3061,.26886638353479255145,.73113361646520744855,0.428571,0.0145808,1.90604,0.597439
DstLoad,023,136,80,56,823,2238,3061,.26886638353479255145,.73113361646520744855,0.588235,0.0972053,8.40031,1.32104
DstLoad,030,36,19,17,823,2238,3061,.26886638353479255145,.73113361646520744855,0.527778,0.0230863,3.50377,1.00141
DstLoad,016,44,27,17,823,2238,3061,.26886638353479255145,.73113361646520744855,0.613636,0.0328068,5.15809,1.35205
DstLoad,009,13,0,13,823,2238,3061,.26886638353479255145,.73113361646520744855,0,0,-2.18646,-4.72963
DstLoad,024,230,110,120,823,2238,3061,.26886638353479255145,.73113361646520744855,0.478261,0.133657,7.16247,0.89575
DstLoad,017,58,34,24,823,2238,3061,.26886638353479255145,.73113361646520744855,0.586207,0.0413123,5.45096,1.26855
DstLoad,031,41,26,15,823,2238,3061,.26886638353479255145,.73113361646520744855,0.634146,0.0315917,5.27535,1.42561
DstLoad,025,94,54,40,823,2238,3061,.26886638353479255145,.73113361646520744855,0.574468,0.0656136,6.68272,1.25107
DstLoad,032,37,20,17,823,2238,3061,.26886638353479255145,.73113361646520744855,0.540541,0.0243013,3.7272,1.05258
DstLoad,018,69,37,32,823,2238,3061,.26886638353479255145,.73113361646520744855,0.536232,0.0449575,5.00914,1.08472
DstLoad,026,89,46,43,823,2238,3061,.26886638353479255145,.73113361646520744855,0.516854,0.0558931,5.27665,1.02189
DstLoad,019,98,45,53,823,2238,3061,.26886638353479255145,.73113361646520744855,0.459184,0.054678,4.24937,0.79926
DstLoad,033,30,20,10,823,2238,3061,.26886638353479255145,.73113361646520744855,0.666667,0.0243013,4.91427,1.51211
DstLoad,040,2,1,1,823,2238,3061,.26886638353479255145,.73113361646520744855,0.5,0.00121507,0.737244,-0.0521365
DstLoad,027,81,40,41,823,2238,3061,.26886638353479255145,.73113361646520744855,0.493827,0.0486027,4.56649,0.927746
DstLoad,034,19,13,6,823,2238,3061,.26886638353479255145,.73113361646520744855,0.684211,0.0157959,4.08337,1.4881
DstLoad,041,1,1,0,823,2238,3061,.26886638353479255145,.73113361646520744855,1,0.00121507,1.64904,0.353329
DstLoad,028,96,52,44,823,2238,3061,.26886638353479255145,.73113361646520744855,0.541667,0.0631835,6.02856,1.12239
DstLoad,035,16,9,7,823,2238,3061,.26886638353479255145,.73113361646520744855,0.5625,0.0109356,2.6491,1.00425
DstLoad,042,3,1,2,823,2238,3061,.26886638353479255145,.73113361646520744855,0.333333,0.00121507,0.251844,-0.337436
DstLoad,029,57,24,33,823,2238,3061,.26886638353479255145,.73113361646520744855,0.421053,0.0291616,2.59147,0.623584
DstLoad,036,8,6,2,823,2238,3061,.26886638353479255145,.73113361646520744855,0.75,0.0072904,3.06933,1.41241
DstLoad,043,2,1,1,823,2238,3061,.26886638353479255145,.73113361646520744855,0.5,0.00121507,0.737244,-0.0497541
DstLoad,037,11,5,6,823,2238,3061,.26886638353479255145,.73113361646520744855,0.454545,0.00607533,1.38897,0.539048
DstLoad,038,14,12,2,823,2238,3061,.26886638353479255145,.73113361646520744855,0.857143,0.0145808,4.96454,2.10152
DstLoad,039,2,1,1,823,2238,3061,.26886638353479255145,.73113361646520744855,0.5,0.00121507,0.737244,-0.0497541
DstLoad,000,1,0,1,823,2238,3061,.26886638353479255145,.73113361646520744855,0,0,-0.606415,-3.0955
SrcLoss,000,3061,823,2238,823,2238,3061,.26886638353479255145,.73113361646520744855,0.268866,1,0,0
DstLoss,000,3061,823,2238,823,2238,3061,.26886638353479255145,.73113361646520744855,0.268866,1,0,0
SrcRetra,0,3061,823,2238,823,2238,3061,.26886638353479255145,.73113361646520744855,0.268866,1,0,0
DstRetra,0,3061,823,2238,823,2238,3061,.26886638353479255145,.73113361646520744855,0.268866,1,0,0
SrcGap,000,3061,823,2238,823,2238,3061,.26886638353479255145,.73113361646520744855,0.268866,1,0,0
DstGap,000,3061,823,2238,823,2238,3061,.26886638353479255145,.73113361646520744855,0.268866,1,0,0
SIntPkt,003,272,270,2,823,2238,3061,.26886638353479255145,.73113361646520744855,0.992647,0.328068,26.9231,5.21221
SIntPkt,004,523,58,465,823,2238,3061,.26886638353479255145,.73113361646520744855,0.110899,0.0704739,-8.14803,-1.08131
SIntPkt,005,852,204,648,823,2238,3061,.26886638353479255145,.73113361646520744855,0.239437,0.247874,-1.93749,-0.158372
SIntPkt,000,1,0,1,823,2238,3061,.26886638353479255145,.73113361646520744855,0,0,-0.606415,-1.19838
SIntPkt,001,13,12,1,823,2238,3061,.26886638353479255145,.73113361646520744855,0.923077,0.0145808,5.32013,2.41254
SIntPkt,002,1400,279,1121,823,2238,3061,.26886638353479255145,.73113361646520744855,0.199286,0.339004,-5.872,-0.392505
DIntPkt,010,453,0,453,823,2238,3061,.26886638353479255145,.73113361646520744855,0,0,-12.9068,-6.62553
DIntPkt,003,84,53,31,823,2238,3061,.26886638353479255145,.73113361646520744855,0.630952,0.0643985,7.48488,1.47682
DIntPkt,004,286,0,286,823,2238,3061,.26886638353479255145,.73113361646520744855,0,0,-10.2554,-6.16819
DIntPkt,005,388,0,388,823,2238,3061,.26886638353479255145,.73113361646520744855,0,0,-11.945,-6.47138
DIntPkt,007,2,0,2,823,2238,3061,.26886638353479255145,.73113361646520744855,0,0,-0.8576,-1.89152
DIntPkt,008,2,0,2,823,2238,3061,.26886638353479255145,.73113361646520744855,0,0,-0.8576,-1.89152
DIntPkt,009,270,0,270,823,2238,3061,.26886638353479255145,.73113361646520744855,0,0,-9.96441,-6.11103
DIntPkt,001,563,347,216,823,2238,3061,.26886638353479255145,.73113361646520744855,0.616341,0.421628,18.5956,1.46432
DIntPkt,002,1013,423,590,823,2238,3061,.26886638353479255145,.73113361646520744855,0.417572,0.513973,10.6749,0.663239,
SrcJitter,003,1184,105,1079,823,2238,3061,.26886638353479255145,.73113361646520744855,0.0886824,0.127582,-13.9838,-1.32808
SrcJitter,004,1875,718,1157,823,2238,3061,.26886638353479255145,.73113361646520744855,0.382933,0.872418,11.1402,0.520701
SrcJitter,006,1,0,1,823,2238,3061,.26886638353479255145,.73113361646520744855,0,0,-0.606415,-0.50523
SrcJitter,000,1,0,1,823,2238,3061,.26886638353479255145,.73113361646520744855,0,0,-0.606415,-0.792912
DstJitter,003,584,291,293,823,2238,3061,.26886638353479255145,.73113361646520744855,0.498288,0.353584,12.5047,0.98634
DstJitter,004,704,18,686,823,2238,3061,.26886638353479255145,.73113361646520744855,0.0255682,0.0218712,-14.5599,-2.62622
DstJitter,005,1,0,1,823,2238,3061,.26886638353479255145,.73113361646520744855,0,0,-0.606415,-1.19838
DstJitter,000,723,0,723,823,2238,3061,.26886638353479255145,.73113361646520744855,0,0,-16.3057,-6.68594
DstJitter,001,28,13,15,823,2238,3061,.26886638353479255145,.73113361646520744855,0.464286,0.0157959,2.33228,0.755902
DstJitter,002,1021,501,520,823,2238,3061,.26886638353479255145,.73113361646520744855,0.490695,0.608748,15.9869,0.958451
State,01,3058,821,2237,823,2238,3061,.26886638353479255145,.73113361646520744855,0.268476,0.99757,-0.0486744,-0.00319646
State,02,3,2,1,823,2238,3061,.26886638353479255145,.73113361646520744855,0.666667,0.00243013,1.55403,0.998848
SrcWin,01,3061,823,2238,823,2238,3061,.26886638353479255145,.73113361646520744855,0.268866,1,0,0
DstWin,00,5,3,2,823,2238,3061,.26886638353479255145,.73113361646520744855,0.6,0.0036452,1.67002,0.836329
DstWin,01,9,2,7,823,2238,3061,.26886638353479255145,.73113361646520744855,0.222222,0.00243013,-0.315611,-0.322908
DstWin,02,1,0,1,823,2238,3061,.26886638353479255145,.73113361646520744855,0,0,-0.606415,-1.01606
DstWin,03,4,0,4,823,2238,3061,.26886638353479255145,.73113361646520744855,0,0,-1.21283,-1.7092
DstWin,04,3042,818,2224,823,2238,3061,.26886638353479255145,.73113361646520744855,0.268902,0.993925,0.00443536,-0.00176256
